Entity,Day,"Daily new confirmed cases of COVID-19 per million people (rolling 7-day average, right-aligned)"
United States,2020-03-01,0.013803268
United States,2020-03-02,0.014221548
United States,2020-03-03,0.021750603
United States,2020-03-04,0.03471731
United States,2020-03-05,0.05437651
United States,2020-03-06,0.08030992
United States,2020-03-07,0.11084442
United States,2020-03-08,0.1635478
United States,2020-03-09,0.22085229
United States,2020-03-10,0.30199876
United States,2020-03-11,0.45048845
United States,2020-03-12,0.6370417
United States,2020-03-13,0.8273595
United States,2020-03-14,1.0988238
United States,2020-03-15,1.4493431
United States,2020-03-16,1.8981584
United States,2020-03-17,2.7025125
United States,2020-03-18,3.5302901
United States,2020-03-19,4.673033
United States,2020-03-20,6.4871173
United States,2020-03-21,8.739978
United States,2020-03-22,11.496867
United States,2020-03-23,14.797521
United States,2020-03-24,18.407284
United States,2020-03-25,21.91457
United States,2020-03-26,25.3039
United States,2020-03-27,29.174252
United States,2020-03-28,34.34462
United States,2020-03-29,39.69234
United States,2020-03-30,44.528923
United States,2020-03-31,50.968773
United States,2020-04-01,52.968994
United States,2020-04-02,57.95825
United States,2020-04-03,64.048
United States,2020-04-04,68.781265
United States,2020-04-05,73.68059
United States,2020-04-06,78.4745
United States,2020-04-07,78.81875
United States,2020-04-08,84.295296
United States,2020-04-09,86.84472
United States,2020-04-10,89.13439
United States,2020-04-11,91.20614
United States,2020-04-12,91.675446
United States,2020-04-13,91.4249
United States,2020-04-14,91.47091
United States,2020-04-15,90.05502
United States,2020-04-16,88.34175
United States,2020-04-17,84.60232
United States,2020-04-18,83.243324
United States,2020-04-19,82.045784
United States,2020-04-20,80.6847
United States,2020-04-21,80.25638
United States,2020-04-22,80.751625
United States,2020-04-23,81.03104
United States,2020-04-24,83.23203
United States,2020-04-25,83.95022
United States,2020-04-26,85.81659
United States,2020-04-27,88.04268
United States,2020-04-28,88.03975
United States,2020-04-29,86.92294
United States,2020-04-30,86.08972
United States,2020-05-01,84.543755
United States,2020-05-02,83.71138
United States,2020-05-03,83.001976
United States,2020-05-04,80.78049
United States,2020-05-05,80.7236
United States,2020-05-06,80.12379
United States,2020-05-07,79.68166
United States,2020-05-08,79.12367
United States,2020-05-09,78.007286
United States,2020-05-10,76.23001
United States,2020-05-11,75.236595
United States,2020-05-12,73.03183
United States,2020-05-13,72.03883
United States,2020-05-14,72.467155
United States,2020-05-15,69.07741
United States,2020-05-16,71.62515
United States,2020-05-17,70.70284
United States,2020-05-18,70.77145
United States,2020-05-19,70.46233
United States,2020-05-20,71.63101
United States,2020-05-21,70.80323
United States,2020-05-22,73.384026
United States,2020-05-23,69.84872
United States,2020-05-24,69.57056
United States,2020-05-25,67.63978
United States,2020-05-26,67.94679
United States,2020-05-27,66.539276
United States,2020-05-28,64.693405
United States,2020-05-29,63.02112
United States,2020-05-30,62.180794
United States,2020-05-31,61.251373
United States,2020-06-01,62.364834
United States,2020-06-02,62.705734
United States,2020-06-03,61.776314
United States,2020-06-04,63.22524
United States,2020-06-05,63.721737
United States,2020-06-06,62.33639
United States,2020-06-07,62.650105
United States,2020-06-08,62.29791
United States,2020-06-09,61.038467
United States,2020-06-10,61.45424
United States,2020-06-11,60.453293
United States,2020-06-12,61.074856
United States,2020-06-13,61.919785
United States,2020-06-14,63.52682
United States,2020-06-15,64.84399
United States,2020-06-16,65.81565
United States,2020-06-17,66.83626
United States,2020-06-18,69.427925
United States,2020-06-19,70.94838
United States,2020-06-20,73.3033
United States,2020-06-21,75.29933
United States,2020-06-22,78.241104
United States,2020-06-23,80.98795
United States,2020-06-24,84.37895
United States,2020-06-25,89.86262
United States,2020-06-26,94.67452
United States,2020-06-27,102.41313
United States,2020-06-28,108.03274
United States,2020-06-29,112.29334
United States,2020-06-30,116.57571
United States,2020-07-01,120.6828
United States,2020-07-02,124.600426
United States,2020-07-03,133.8118
United States,2020-07-04,137.33833
United States,2020-07-05,143.12148
United States,2020-07-06,145.34883
United States,2020-07-07,146.53256
United States,2020-07-08,151.65483
United States,2020-07-09,155.6289
United States,2020-07-10,157.90143
United States,2020-07-11,160.6165
United States,2020-07-12,164.05183
United States,2020-07-13,172.11797
United States,2020-07-14,179.7587
United States,2020-07-15,182.06927
United States,2020-07-16,185.31598
United States,2020-07-17,188.50076
United States,2020-07-18,191.52829
United States,2020-07-19,195.03055
United States,2020-07-20,194.6382
United States,2020-07-21,195.19536
United States,2020-07-22,196.12895
United States,2020-07-23,195.63538
United States,2020-07-24,195.64668
United States,2020-07-25,197.30348
United States,2020-07-26,195.71402
United States,2020-07-27,193.3181
United States,2020-07-28,192.37572
United States,2020-07-29,190.48843
United States,2020-07-30,188.55263
United States,2020-07-31,185.39001
United States,2020-08-01,182.46162
United States,2020-08-02,180.3836
United States,2020-08-03,178.21524
United States,2020-08-04,175.32492
United States,2020-08-05,171.69508
United States,2020-08-06,168.91267
United States,2020-08-07,165.03815
United States,2020-08-08,159.61053
United States,2020-08-09,157.23553
United States,2020-08-10,155.25581
United States,2020-08-11,153.42542
United States,2020-08-12,152.60893
United States,2020-08-13,155.4959
United States,2020-08-14,154.99396
United States,2020-08-15,154.30673
United States,2020-08-16,151.69456
United States,2020-08-17,151.46785
United States,2020-08-18,149.38565
United States,2020-08-19,148.63777
United States,2020-08-20,141.38771
United States,2020-08-21,138.11758
United States,2020-08-22,135.88606
United States,2020-08-23,132.08807
United States,2020-08-24,128.49629
United States,2020-08-25,126.285675
United States,2020-08-26,123.82911
United States,2020-08-27,123.389496
United States,2020-08-28,123.32927
United States,2020-08-29,123.635864
United States,2020-08-30,123.370255
United States,2020-08-31,122.68344
United States,2020-09-01,122.86121
United States,2020-09-02,124.10769
United States,2020-09-03,123.523766
United States,2020-09-04,122.359695
United States,2020-09-05,121.670364
United States,2020-09-06,123.49867
United States,2020-09-07,123.59111
United States,2020-09-08,122.58807
United States,2020-09-09,116.807434
United States,2020-09-10,112.15447
United States,2020-09-11,108.395386
United States,2020-09-12,105.5975
United States,2020-09-13,102.738556
United States,2020-09-14,102.4215
United States,2020-09-15,101.85724
United States,2020-09-16,105.81418
United States,2020-09-17,109.47874
United States,2020-09-18,113.34783
United States,2020-09-19,115.83535
United States,2020-09-20,117.52729
United States,2020-09-21,118.28438
United States,2020-09-22,118.93774
United States,2020-09-23,121.89163
United States,2020-09-24,127.209236
United States,2020-09-25,126.26016
United States,2020-09-26,126.85872
United States,2020-09-27,127.481125
United States,2020-09-28,127.42005
United States,2020-09-29,127.88058
United States,2020-09-30,126.62741
United States,2020-10-01,122.17397
United States,2020-10-02,123.9638
United States,2020-10-03,124.24112
United States,2020-10-04,124.79325
United States,2020-10-05,127.1741
United States,2020-10-06,127.26738
United States,2020-10-07,128.60588
United States,2020-10-08,129.76578
United States,2020-10-09,132.55737
United States,2020-10-10,136.52267
United States,2020-10-11,139.80995
United States,2020-10-12,142.52417
United States,2020-10-13,146.14189
United States,2020-10-14,149.29655
United States,2020-10-15,152.99542
United States,2020-10-16,154.93414
United States,2020-10-17,157.83786
United States,2020-10-18,162.13988
United States,2020-10-19,162.27875
United States,2020-10-20,164.14595
United States,2020-10-21,169.2565
United States,2020-10-22,172.7048
United States,2020-10-23,177.48492
United States,2020-10-24,182.44447
United States,2020-10-25,187.9913
United States,2020-10-26,197.03996
United States,2020-10-27,204.03488
United States,2020-10-28,207.47398
United States,2020-10-29,214.2585
United States,2020-10-30,220.84767
United States,2020-10-31,227.63512
United States,2020-11-01,233.9838
United States,2020-11-02,240.92809
United States,2020-11-03,272.70572
United States,2020-11-04,280.06912
United States,2020-11-05,289.91464
United States,2020-11-06,302.23926
United States,2020-11-07,315.49878
United States,2020-11-08,330.48117
United States,2020-11-09,345.96887
United States,2020-11-10,333.44803
United States,2020-11-11,349.0495
United States,2020-11-12,368.89777
United States,2020-11-13,385.53906
United States,2020-11-14,402.0486
United States,2020-11-15,420.3074
United States,2020-11-16,434.7084
United States,2020-11-17,445.54855
United States,2020-11-18,457.63144
United States,2020-11-19,466.58307
United States,2020-11-20,473.7959
United States,2020-11-21,484.83057
United States,2020-11-22,491.682
United States,2020-11-23,495.7067
United States,2020-11-24,500.8177
United States,2020-11-25,503.7611
United States,2020-11-26,507.03668
United States,2020-11-27,516.73914
United States,2020-11-28,498.48032
United States,2020-11-29,486.21005
United States,2020-11-30,473.9603
United States,2020-12-01,470.31665
United States,2020-12-02,466.75876
United States,2020-12-03,474.0933
United States,2020-12-04,480.7749
United States,2020-12-05,510.7878
United States,2020-12-06,535.7893
United States,2020-12-07,561.30444
United States,2020-12-08,576.2944
United States,2020-12-09,589.33887
United States,2020-12-10,603.67084
United States,2020-12-11,608.34595
United States,2020-12-12,605.0219
United States,2020-12-13,614.23785
United States,2020-12-14,619.08075
United States,2020-12-15,620.9069
United States,2020-12-16,627.2284
United States,2020-12-17,615.3777
United States,2020-12-18,623.3313
United States,2020-12-19,639.08795
United States,2020-12-20,634.92017
United States,2020-12-21,628.7029
United States,2020-12-22,630.8587
United States,2020-12-23,624.73047
United States,2020-12-24,624.3578
United States,2020-12-25,618.47424
United States,2020-12-26,600.0887
United States,2020-12-27,568.91296
United States,2020-12-28,545.8364
United States,2020-12-29,532.41504
United States,2020-12-30,529.5795
United States,2020-12-31,534.2413
United States,2021-01-01,538.2643
United States,2021-01-02,549.53357
United States,2021-01-03,577.64374
United States,2021-01-04,610.3529
United States,2021-01-05,631.7337
United States,2021-01-06,630.7048
United States,2021-01-07,644.73267
United States,2021-01-08,653.9064
United States,2021-01-09,670.7518
United States,2021-01-10,697.3373
United States,2021-01-11,710.29395
United States,2021-01-12,718.2522
United States,2021-01-13,730.7203
United States,2021-01-14,720.4034
United States,2021-01-15,707.2811
United States,2021-01-16,687.96405
United States,2021-01-17,665.0477
United States,2021-01-18,645.47925
United States,2021-01-19,629.626
United States,2021-01-20,608.7467
United States,2021-01-21,580.49475
United States,2021-01-22,564.5532
United States,2021-01-23,549.5206
United States,2021-01-24,529.4854
United States,2021-01-25,511.08145
United States,2021-01-26,492.24667
United States,2021-01-27,484.46082
United States,2021-01-28,482.66638
United States,2021-01-29,470.41034
United States,2021-01-30,457.5181
United States,2021-01-31,446.98535
United States,2021-02-01,435.82187
United States,2021-02-02,423.43405
United States,2021-02-03,420.69516
United States,2021-02-04,410.4
United States,2021-02-05,389.36215
United States,2021-02-06,375.05612
United States,2021-02-07,358.57126
United States,2021-02-08,346.59042
United States,2021-02-09,338.64017
United States,2021-02-10,318.43008
United States,2021-02-11,305.91806
United States,2021-02-12,301.5972
United States,2021-02-13,291.94662
United States,2021-02-14,280.48743
United States,2021-02-15,270.04755
United States,2021-02-16,259.37384
United States,2021-02-17,249.89561
United States,2021-02-18,235.44568
United States,2021-02-19,220.98613
United States,2021-02-20,208.02779
United States,2021-02-21,198.0497
United States,2021-02-22,189.80496
United States,2021-02-23,185.29381
United States,2021-02-24,184.35477
United States,2021-02-25,189.91414
United States,2021-02-26,193.50633
United States,2021-02-27,194.94104
United States,2021-02-28,194.81471
United States,2021-03-01,195.98088
United States,2021-03-02,194.2835
United States,2021-03-03,192.31465
United States,2021-03-04,185.45442
United States,2021-03-05,182.81299
United States,2021-03-06,179.82687
United States,2021-03-07,175.98706
United States,2021-03-08,171.5583
United States,2021-03-09,167.8724
United States,2021-03-10,164.35425
United States,2021-03-11,164.49103
United States,2021-03-12,162.69743
United States,2021-03-13,160.5663
United States,2021-03-14,160.61984
United States,2021-03-15,158.34607
United States,2021-03-16,159.79834
United States,2021-03-17,160.1451
United States,2021-03-18,159.19057
United States,2021-03-19,158.28416
United States,2021-03-20,159.67912
United States,2021-03-21,158.75891
United States,2021-03-22,161.34473
United States,2021-03-23,160.50732
United States,2021-03-24,162.47157
United States,2021-03-25,164.93022
United States,2021-03-26,168.45758
United States,2021-03-27,169.40625
United States,2021-03-28,174.76526
United States,2021-03-29,176.75084
United States,2021-03-30,180.1088
United States,2021-03-31,184.20209
United States,2021-04-01,185.91914
United States,2021-04-02,186.5658
United States,2021-04-03,190.04506
United States,2021-04-04,188.20964
United States,2021-04-05,188.41544
United States,2021-04-06,185.26411
United States,2021-04-07,184.589
United States,2021-04-08,185.37035
United States,2021-04-09,187.48685
United States,2021-04-10,188.21843
United States,2021-04-11,190.71515
United States,2021-04-12,192.56227
United States,2021-04-13,195.7065
United States,2021-04-14,197.39426
United States,2021-04-15,200.97014
United States,2021-04-16,199.3083
United States,2021-04-17,197.66196
United States,2021-04-18,195.42792
United States,2021-04-19,199.2347
United States,2021-04-20,197.60255
United States,2021-04-21,187.08112
United States,2021-04-22,180.85376
United States,2021-04-23,177.67273
United States,2021-04-24,173.48198
United States,2021-04-25,169.86176
United States,2021-04-26,159.18974
United States,2021-04-27,155.63853
United States,2021-04-28,153.51283
United States,2021-04-29,150.58278
United States,2021-04-30,146.9634
United States,2021-05-01,144.52231
United States,2021-05-02,141.54916
United States,2021-05-03,140.1496
United States,2021-05-04,138.37022
United States,2021-05-05,139.52217
United States,2021-05-06,136.2759
United States,2021-05-07,132.15373
United States,2021-05-08,126.73658
United States,2021-05-09,122.27353
United States,2021-05-10,117.53399
United States,2021-05-11,113.74645
United States,2021-05-12,110.16179
United States,2021-05-13,106.1969
United States,2021-05-14,102.53402
United States,2021-05-15,101.58996
United States,2021-05-16,97.605835
United States,2021-05-17,94.60091
United States,2021-05-18,92.02304
United States,2021-05-19,89.960915
United States,2021-05-20,87.68797
United States,2021-05-21,84.21917
United States,2021-05-22,78.9961
United States,2021-05-23,75.96356
United States,2021-05-24,72.77919
United States,2021-05-25,70.54348
United States,2021-05-26,68.58091
United States,2021-05-27,67.29762
United States,2021-05-28,65.617805
United States,2021-05-29,63.11732
United States,2021-05-30,61.826508
United States,2021-05-31,59.067528
United States,2021-06-01,57.528255
United States,2021-06-02,55.289196
United States,2021-06-03,48.74896
United States,2021-06-04,45.642387
United States,2021-06-05,44.04497
United States,2021-06-06,41.45665
United States,2021-06-07,41.082706
United States,2021-06-08,40.55316
United States,2021-06-09,40.75812
United States,2021-06-10,43.008053
United States,2021-06-11,44.510517
United States,2021-06-12,43.579006
United States,2021-06-13,41.64613
United States,2021-06-14,40.64895
United States,2021-06-15,39.660553
United States,2021-06-16,38.98168
United States,2021-06-17,38.271442
United States,2021-06-18,35.58608
United States,2021-06-19,34.56547
United States,2021-06-20,33.724728
United States,2021-06-21,33.724728
United States,2021-06-22,33.861088
United States,2021-06-23,33.983643
United States,2021-06-24,34.26473
United States,2021-06-25,34.524483
United States,2021-06-26,35.397854
United States,2021-06-27,36.656876
United States,2021-06-28,37.051735
United States,2021-06-29,37.733112
United States,2021-06-30,38.5153
United States,2021-07-01,39.446392
United States,2021-07-02,38.525337
United States,2021-07-03,39.786037
United States,2021-07-04,40.58872
United States,2021-07-05,40.544796
United States,2021-07-06,40.45403
United States,2021-07-07,39.914032
United States,2021-07-08,41.774544
United States,2021-07-09,46.37438
United States,2021-07-10,115.370636
United States,2021-07-11,119.841644
United States,2021-07-12,123.05655
United States,2021-07-13,125.67624
United States,2021-07-14,133.9352
United States,2021-07-15,140.2161
United States,2021-07-16,146.76764
United States,2021-07-17,86.96059
United States,2021-07-18,93.10053
United States,2021-07-19,97.81204
United States,2021-07-20,102.52649
United States,2021-07-21,109.34572
United States,2021-07-22,116.06415
United States,2021-07-23,125.69046
United States,2021-07-24,138.72116
United States,2021-07-25,150.17412
United States,2021-07-26,159.2324
United States,2021-07-27,165.5957
United States,2021-07-28,176.49193
United States,2021-07-29,191.03346
United States,2021-07-30,202.67673
United States,2021-07-31,214.24596
United States,2021-08-01,228.83559
United States,2021-08-02,240.0338
United States,2021-08-03,247.55533
United States,2021-08-04,260.59064
United States,2021-08-05,270.8293
United States,2021-08-06,286.5918
United States,2021-08-07,298.5074
United States,2021-08-08,310.8061
United States,2021-08-09,327.40555
United States,2021-08-10,342.29718
United States,2021-08-11,338.3825
United States,2021-08-12,348.89975
United States,2021-08-13,355.86246
United States,2021-08-14,365.61133
United States,2021-08-15,370.7909
United States,2021-08-16,378.98752
United States,2021-08-17,384.81082
United States,2021-08-18,391.4636
United States,2021-08-19,397.74658
United States,2021-08-20,408.071
United States,2021-08-21,417.7839
United States,2021-08-22,426.63223
United States,2021-08-23,427.45874
United States,2021-08-24,433.21805
United States,2021-08-25,438.18304
United States,2021-08-26,443.1882
United States,2021-08-27,446.84482
United States,2021-08-28,451.81775
United States,2021-08-29,457.9715
United States,2021-08-30,461.40057
United States,2021-08-31,457.71594
United States,2021-09-01,465.15088
United States,2021-09-02,471.16867
United States,2021-09-03,479.8367
United States,2021-09-04,478.64294
United States,2021-09-05,478.61826
United States,2021-09-06,475.16327
United States,2021-09-07,478.26273
United States,2021-09-08,468.81125
United States,2021-09-09,442.82556
United States,2021-09-10,431.7888
United States,2021-09-11,431.91302
United States,2021-09-12,427.72144
United States,2021-09-13,432.6492
United States,2021-09-14,428.78262
United States,2021-09-15,430.02365
United States,2021-09-16,449.87985
United States,2021-09-17,446.48636
United States,2021-09-18,439.6353
United States,2021-09-19,433.9471
United States,2021-09-20,420.99338
United States,2021-09-21,412.9649
United States,2021-09-22,404.35126
United States,2021-09-23,392.15167
United States,2021-09-24,379.43677
United States,2021-09-25,367.2736
United States,2021-09-26,356.49823
United States,2021-09-27,345.45227
United States,2021-09-28,337.3351
United States,2021-09-29,341.07498
United States,2021-09-30,333.74292
United States,2021-10-01,327.07846
United States,2021-10-02,321.13303
United States,2021-10-03,316.0898
United States,2021-10-04,310.15106
United States,2021-10-05,306.55426
United States,2021-10-06,300.06964
United States,2021-10-07,294.35886
United States,2021-10-08,294.95532
United States,2021-10-09,290.35257
United States,2021-10-10,285.26083
United States,2021-10-11,280.50122
United States,2021-10-12,277.0755
United States,2021-10-13,271.2802
United States,2021-10-14,266.1935
United States,2021-10-15,257.02856
United States,2021-10-16,250.2662
United States,2021-10-17,243.53857
United States,2021-10-18,240.36508
United States,2021-10-19,235.84598
United States,2021-10-20,233.48729
United States,2021-10-21,229.70477
United States,2021-10-22,221.43202
United States,2021-10-23,217.542
United States,2021-10-24,212.71379
United States,2021-10-25,201.46706
United States,2021-10-26,193.27377
United States,2021-10-27,198.35086
United States,2021-10-28,207.21507
United States,2021-10-29,210.42119
United States,2021-10-30,216.92546
United States,2021-10-31,220.09352
United States,2021-11-01,219.60664
United States,2021-11-02,218.4731
United States,2021-11-03,232.43825
United States,2021-11-04,221.0635
United States,2021-11-05,218.79099
United States,2021-11-06,212.8217
United States,2021-11-07,213.41148
United States,2021-11-08,213.84525
United States,2021-11-09,216.42896
United States,2021-11-10,215.81995
United States,2021-11-11,219.28749
United States,2021-11-12,225.5546
United States,2021-11-13,219.19547
United States,2021-11-14,233.05771
United States,2021-11-15,246.98186
United States,2021-11-16,247.84729
United States,2021-11-17,255.0413
United States,2021-11-18,260.9106
United States,2021-11-19,265.9555
United States,2021-11-20,286.96283
United States,2021-11-21,283.12427
United States,2021-11-22,273.4695
United States,2021-11-23,275.62698
United States,2021-11-24,280.55768
United States,2021-11-25,282.29398
United States,2021-11-26,282.59723
United States,2021-11-27,261.2034
United States,2021-11-28,247.78705
United States,2021-11-29,250.13194
United States,2021-11-30,257.57147
United States,2021-12-01,235.86313
United States,2021-12-02,244.07147
United States,2021-12-03,255.17264
United States,2021-12-04,284.93164
United States,2021-12-05,314.13602
United States,2021-12-06,320.6411
United States,2021-12-07,320.12955
United States,2021-12-08,358.01074
United States,2021-12-09,360.04276
United States,2021-12-10,358.6344
United States,2021-12-11,355.9415
United States,2021-12-12,349.25153
United States,2021-12-13,347.83563
United States,2021-12-14,349.00473
United States,2021-12-15,349.69073
United States,2021-12-16,349.6464
United States,2021-12-17,356.66052
United States,2021-12-18,367.21667
United States,2021-12-19,376.08005
United States,2021-12-20,385.9586
United States,2021-12-21,404.40646
United States,2021-12-22,438.06802
United States,2021-12-23,470.64206
United States,2021-12-24,508.87543
United States,2021-12-25,557.45624
United States,2021-12-26,592.8792
United States,2021-12-27,604.69147
United States,2021-12-28,650.3138
United States,2021-12-29,733.2739
United States,2021-12-30,811.1561
United States,2021-12-31,910.0486
United States,2022-01-01,1037.9735
United States,2022-01-02,1134.3936
United States,2022-01-03,1212.6676
United States,2022-01-04,1287.78
United States,2022-01-05,1470.9435
United States,2022-01-06,1614.4138
United States,2022-01-07,1709.983
United States,2022-01-08,1799.4069
United States,2022-01-09,1958.7661
United States,2022-01-10,2019.7455
United States,2022-01-11,2059.7678
United States,2022-01-12,2211.6577
United States,2022-01-13,2241.3662
United States,2022-01-14,2305.401
United States,2022-01-15,2344.6636
United States,2022-01-16,2363.677
United States,2022-01-17,2370.8772
United States,2022-01-18,2342.516
United States,2022-01-19,2218.2637
United States,2022-01-20,2240.3296
United States,2022-01-21,2208.7854
United States,2022-01-22,2160.343
United States,2022-01-23,2109.3435
United States,2022-01-24,2051.8745
United States,2022-01-25,2008.4612
United States,2022-01-26,2026.3147
United States,2022-01-27,1874.4532
United States,2022-01-28,1776.0564
United States,2022-01-29,1690.8651
United States,2022-01-30,1584.9757
United States,2022-01-31,1540.4739
United States,2022-02-01,1474.9155
United States,2022-02-02,1293.1194
United States,2022-02-03,1210.8126
United States,2022-02-04,1109.664
United States,2022-02-05,1016.4835
United States,2022-02-06,915.4954
United States,2022-02-07,866.3851
United States,2022-02-08,840.60394
United States,2022-02-09,727.18164
United States,2022-02-10,685.9655
United States,2022-02-11,641.20483
United States,2022-02-12,564.13245
United States,2022-02-13,511.18604
United States,2022-02-14,495.76233
United States,2022-02-15,475.40292
United States,2022-02-16,420.58096
United States,2022-02-17,383.0022
United States,2022-02-18,345.07248
United States,2022-02-19,317.75247
United States,2022-02-20,296.20807
United States,2022-02-21,284.87643
United States,2022-02-22,277.8786
United States,2022-02-23,225.2254
United States,2022-02-24,228.1291
United States,2022-02-25,214.72237
United States,2022-02-26,204.0926
United States,2022-02-27,191.68639
United States,2022-02-28,185.35571
United States,2022-03-01,179.91597
United States,2022-03-02,191.55421
United States,2022-03-03,170.13698
United States,2022-03-04,161.40411
United States,2022-03-05,151.59961
United States,2022-03-06,139.08214
United States,2022-03-07,134.3263
United States,2022-03-08,130.4664
United States,2022-03-09,122.53579
United States,2022-03-10,108.88017
United States,2022-03-11,106.08857
United States,2022-03-12,101.05916
United States,2022-03-13,98.01659
United States,2022-03-14,97.12439
United States,2022-03-15,97.201775
United States,2022-03-16,98.74606
United States,2022-03-17,95.9532
United States,2022-03-18,92.489006
United States,2022-03-19,89.79569
United States,2022-03-20,87.31194
United States,2022-03-21,86.3591
United States,2022-03-22,86.74057
United States,2022-03-23,77.479416
United States,2022-03-24,77.59486
United States,2022-03-25,80.6617
United States,2022-03-26,81.88224
United States,2022-03-27,80.92438
United States,2022-03-28,82.02445
United States,2022-03-29,81.90524
United States,2022-03-30,79.22783
United States,2022-03-31,78.93796
United States,2022-04-01,80.225845
United States,2022-04-02,81.89311
United States,2022-04-03,81.34056
United States,2022-04-04,80.991714
United States,2022-04-05,81.32425
United States,2022-04-06,79.02496
United States,2022-04-07,82.9133
United States,2022-04-08,80.41073
United States,2022-04-09,77.79354
United States,2022-04-10,84.154755
United States,2022-04-11,85.14859
United States,2022-04-12,87.97868
United States,2022-04-13,91.17477
United States,2022-04-14,89.25695
United States,2022-04-15,90.885315
United States,2022-04-16,102.974464
United States,2022-04-17,103.70813
United States,2022-04-18,104.86426
United States,2022-04-19,105.47202
United States,2022-04-20,106.071
United States,2022-04-21,116.37284
United States,2022-04-22,121.08226
United States,2022-04-23,115.56137
United States,2022-04-24,125.78583
United States,2022-04-25,128.56363
United States,2022-04-26,129.54074
United States,2022-04-27,135.33601
United States,2022-04-28,139.93544
United States,2022-04-29,148.19104
United States,2022-04-30,153.38023
United States,2022-05-01,158.3398
United States,2022-05-02,159.37755
United States,2022-05-03,161.74962
United States,2022-05-04,167.70677
United States,2022-05-05,171.1166
United States,2022-05-06,180.90102
United States,2022-05-07,188.46982
United States,2022-05-08,194.77582
United States,2022-05-09,195.43628
United States,2022-05-10,197.5189
United States,2022-05-11,212.94594
United States,2022-05-12,224.5252
United States,2022-05-13,235.9267
United States,2022-05-14,243.74646
United States,2022-05-15,253.04108
United States,2022-05-16,253.70238
United States,2022-05-17,259.7566
United States,2022-05-18,269.1315
United States,2022-05-19,281.41434
United States,2022-05-20,289.2048
United States,2022-05-21,293.81635
United States,2022-05-22,307.2252
United States,2022-05-23,310.28156
United States,2022-05-24,309.7177
United States,2022-05-25,304.48
United States,2022-05-26,306.03937
United States,2022-05-27,309.17477
United States,2022-05-28,310.61536
United States,2022-05-29,309.82898
United States,2022-05-30,309.68048
United States,2022-05-31,305.7428
United States,2022-06-01,282.5918
United States,2022-06-02,292.06168
United States,2022-06-03,286.63864
United States,2022-06-04,285.96313
United States,2022-06-05,282.60184
United States,2022-06-06,287.3786
United States,2022-06-07,290.6621
United States,2022-06-08,309.1246
United States,2022-06-09,307.5874
United States,2022-06-10,309.09656
United States,2022-06-11,306.7567
United States,2022-06-12,309.9645
United States,2022-06-13,305.8804
United States,2022-06-14,303.95883
United States,2022-06-15,300.4846
United States,2022-06-16,294.50443
United States,2022-06-17,293.92554
United States,2022-06-18,290.41574
United States,2022-06-19,281.1918
United States,2022-06-20,280.41632
United States,2022-06-21,279.07614
United States,2022-06-22,262.71548
United States,2022-06-23,282.9946
United States,2022-06-24,279.2397
United States,2022-06-25,281.0362
United States,2022-06-26,296.82755
United States,2022-06-27,300.2403
United States,2022-06-28,303.86304
United States,2022-06-29,322.38702
United States,2022-06-30,309.12793
United States,2022-07-01,315.3022
United States,2022-07-02,319.89783
United States,2022-07-03,323.654
United States,2022-07-04,325.39655
United States,2022-07-05,326.24063
United States,2022-07-06,304.99908
United States,2022-07-07,311.2298
United States,2022-07-08,309.88797
United States,2022-07-09,313.12503
United States,2022-07-10,311.1043
United States,2022-07-11,314.1992
United States,2022-07-12,318.77518
United States,2022-07-13,347.1802
United States,2022-07-14,353.2227
United States,2022-07-15,357.51007
United States,2022-07-16,365.20142
United States,2022-07-17,371.52917
United States,2022-07-18,372.36572
United States,2022-07-19,371.91983
United States,2022-07-20,366.91342
United States,2022-07-21,364.92242
United States,2022-07-22,366.12833
United States,2022-07-23,370.0861
United States,2022-07-24,380.0897
United States,2022-07-25,378.28357
United States,2022-07-26,377.66827
United States,2022-07-27,379.6409
United States,2022-07-28,375.16736
United States,2022-07-29,375.98175
United States,2022-07-30,374.47134
United States,2022-07-31,396.52313
United States,2022-08-01,390.1042
United States,2022-08-02,383.13773
United States,2022-08-03,388.4227
United States,2022-08-04,385.35626
United States,2022-08-05,380.75687
United States,2022-08-06,375.13892
United States,2022-08-07,329.62662
United States,2022-08-08,327.67242
United States,2022-08-09,325.5237
United States,2022-08-10,316.98618
United States,2022-08-11,306.91357
United States,2022-08-12,302.11295
United States,2022-08-13,299.48572
United States,2022-08-14,293.47336
United States,2022-08-15,292.36407
United States,2022-08-16,287.46643
United States,2022-08-17,287.76508
United States,2022-08-18,283.31375
United States,2022-08-19,275.64163
United States,2022-08-20,271.1171
United States,2022-08-21,269.75977
United States,2022-08-22,268.93784
United States,2022-08-23,271.78174
United States,2022-08-24,264.40283
United States,2022-08-25,259.95233
United States,2022-08-26,264.3744
United States,2022-08-27,262.6126
United States,2022-08-28,255.28893
United States,2022-08-29,255.5198
United States,2022-08-30,255.17516
United States,2022-08-31,253.73125
United States,2022-09-01,253.82578
United States,2022-09-02,249.78685
United States,2022-09-03,247.06761
United States,2022-09-04,242.75471
United States,2022-09-05,240.97118
United States,2022-09-06,239.79245
United States,2022-09-07,216.45155
United States,2022-09-08,217.6152
United States,2022-09-09,205.38383
United States,2022-09-10,197.72052
United States,2022-09-11,188.021
United States,2022-09-12,186.85776
United States,2022-09-13,185.16832
United States,2022-09-14,200.00433
United States,2022-09-15,174.48459
United States,2022-09-16,173.5765
United States,2022-09-17,178.71802
United States,2022-09-18,170.19888
United States,2022-09-19,168.29195
United States,2022-09-20,168.28023
United States,2022-09-21,162.79198
United States,2022-09-22,159.28302
United States,2022-09-23,156.96574
United States,2022-09-24,157.64963
United States,2022-09-25,154.2306
United States,2022-09-26,153.5191
United States,2022-09-27,151.47246
United States,2022-09-28,148.48091
United States,2022-09-29,144.6298
United States,2022-09-30,142.2021
United States,2022-10-01,137.16348
United States,2022-10-02,134.36603
United States,2022-10-03,132.83136
United States,2022-10-04,132.22945
United States,2022-10-05,130.02344
United States,2022-10-06,128.88069
United States,2022-10-07,123.03229
United States,2022-10-08,119.454735
United States,2022-10-09,117.36291
United States,2022-10-10,116.99942
United States,2022-10-11,116.7334
United States,2022-10-12,113.408485
United States,2022-10-13,113.61804
United States,2022-10-14,110.80343
United States,2022-10-15,108.45687
United States,2022-10-16,105.105606
United States,2022-10-17,102.89583
United States,2022-10-18,102.0304
United States,2022-10-19,105.97939
United States,2022-10-20,106.33201
United States,2022-10-21,82.29591
United States,2022-10-22,132.77614
United States,2022-10-23,118.6805
United States,2022-10-24,116.149895
United States,2022-10-25,111.48564
United States,2022-10-26,97.322655
United States,2022-10-27,81.010124
United States,2022-10-28,187.73698
United States,2022-10-29,106.72687
United States,2022-10-30,106.72687
United States,2022-10-31,106.72687
United States,2022-11-01,106.72687
United States,2022-11-02,106.72687
United States,2022-11-03,106.72687
United States,2022-11-04,111.808136
United States,2022-11-05,111.808136
United States,2022-11-06,111.808136
United States,2022-11-07,111.808136
United States,2022-11-08,111.808136
United States,2022-11-09,111.808136
United States,2022-11-10,111.808136
United States,2022-11-11,118.33039
United States,2022-11-12,118.33039
United States,2022-11-13,118.33039
United States,2022-11-14,118.33039
United States,2022-11-15,118.33039
United States,2022-11-16,118.33039
United States,2022-11-17,118.33039
United States,2022-11-18,115.02054
United States,2022-11-19,115.02054
United States,2022-11-20,115.02054
United States,2022-11-21,115.02054
United States,2022-11-22,115.02054
United States,2022-11-23,115.02054
United States,2022-11-24,115.02054
United States,2022-11-25,125.55578
United States,2022-11-26,125.55578
United States,2022-11-27,125.55578
United States,2022-11-28,125.55578
United States,2022-11-29,125.55578
United States,2022-11-30,125.55578
United States,2022-12-01,125.55578
United States,2022-12-02,126.57136
United States,2022-12-03,126.57136
United States,2022-12-04,126.57136
United States,2022-12-05,126.57136
United States,2022-12-06,126.57136
United States,2022-12-07,126.57136
United States,2022-12-08,126.57136
United States,2022-12-09,193.33902
United States,2022-12-10,193.33902
United States,2022-12-11,193.33902
United States,2022-12-12,193.33902
United States,2022-12-13,193.33902
United States,2022-12-14,193.33902
United States,2022-12-15,193.33902
United States,2022-12-16,186.55911
United States,2022-12-17,186.55911
United States,2022-12-18,186.55911
United States,2022-12-19,186.55911
United States,2022-12-20,186.55911
United States,2022-12-21,186.55911
United States,2022-12-22,186.55911
United States,2022-12-23,212.49043
United States,2022-12-24,212.49043
United States,2022-12-25,212.49043
United States,2022-12-26,212.49043
United States,2022-12-27,212.49043
United States,2022-12-28,212.49043
United States,2022-12-29,212.49043
United States,2022-12-30,164.051
United States,2022-12-31,164.051
United States,2023-01-01,164.051
United States,2023-01-02,164.051
United States,2023-01-03,164.051
United States,2023-01-04,164.051
United States,2023-01-05,164.051
United States,2023-01-06,197.30893
United States,2023-01-07,197.30893
United States,2023-01-08,197.30893
United States,2023-01-09,197.30893
United States,2023-01-10,197.30893
United States,2023-01-11,197.30893
United States,2023-01-12,197.30893
United States,2023-01-13,187.4283
United States,2023-01-14,187.4283
United States,2023-01-15,187.4283
United States,2023-01-16,187.4283
United States,2023-01-17,187.4283
United States,2023-01-18,187.4283
United States,2023-01-19,187.4283
United States,2023-01-20,128.84096
United States,2023-01-21,128.84096
United States,2023-01-22,128.84096
United States,2023-01-23,128.84096
United States,2023-01-24,128.84096
United States,2023-01-25,128.84096
United States,2023-01-26,128.84096
United States,2023-01-27,123.33721
United States,2023-01-28,123.33721
United States,2023-01-29,123.33721
United States,2023-01-30,123.33721
United States,2023-01-31,123.33721
United States,2023-02-01,123.33721
United States,2023-02-02,123.33721
United States,2023-02-03,119.37819
United States,2023-02-04,119.37819
United States,2023-02-05,119.37819
United States,2023-02-06,119.37819
United States,2023-02-07,119.37819
United States,2023-02-08,119.37819
United States,2023-02-09,119.37819
United States,2023-02-10,116.37744
United States,2023-02-11,116.37744
United States,2023-02-12,116.37744
United States,2023-02-13,116.37744
United States,2023-02-14,116.37744
United States,2023-02-15,116.37744
United States,2023-02-16,116.37744
United States,2023-02-17,106.39893
United States,2023-02-18,106.39893
United States,2023-02-19,106.39893
United States,2023-02-20,106.39893
United States,2023-02-21,106.39893
United States,2023-02-22,106.39893
United States,2023-02-23,106.39893
United States,2023-02-24,0
United States,2023-02-25,111.75125
United States,2023-02-26,111.75125
United States,2023-02-27,111.75125
United States,2023-02-28,111.75125
United States,2023-03-01,111.75125
United States,2023-03-02,111.75125
United States,2023-03-03,111.75125
United States,2023-03-04,95.29609
United States,2023-03-05,95.29609
United States,2023-03-06,95.29609
United States,2023-03-07,95.29609
United States,2023-03-08,95.29609
United States,2023-03-09,95.29609
United States,2023-03-10,95.29609
United States,2023-03-11,71.35578
United States,2023-03-12,71.35578
United States,2023-03-13,71.35578
United States,2023-03-14,71.35578
United States,2023-03-15,71.35578
United States,2023-03-16,71.35578
United States,2023-03-17,71.35578
United States,2023-03-18,52.95979
United States,2023-03-19,52.95979
United States,2023-03-20,52.95979
United States,2023-03-21,52.95979
United States,2023-03-22,52.95979
United States,2023-03-23,52.95979
United States,2023-03-24,52.95979
United States,2023-03-25,63.98358
United States,2023-03-26,63.98358
United States,2023-03-27,63.98358
United States,2023-03-28,63.98358
United States,2023-03-29,63.98358
United States,2023-03-30,63.98358
United States,2023-03-31,63.98358
United States,2023-04-01,73.76717
United States,2023-04-02,73.76717
United States,2023-04-03,73.76717
United States,2023-04-04,73.76717
United States,2023-04-05,73.76717
United States,2023-04-06,73.76717
United States,2023-04-07,73.76717
United States,2023-04-08,0
United States,2023-04-09,43.280354
United States,2023-04-10,43.280354
United States,2023-04-11,43.280354
United States,2023-04-12,43.280354
United States,2023-04-13,43.280354
United States,2023-04-14,43.280354
United States,2023-04-15,43.280354
United States,2023-04-16,43.525047
United States,2023-04-17,43.525047
United States,2023-04-18,43.525047
United States,2023-04-19,43.525047
United States,2023-04-20,43.525047
United States,2023-04-21,43.525047
United States,2023-04-22,43.525047
United States,2023-04-23,41.18686
United States,2023-04-24,41.18686
United States,2023-04-25,41.18686
United States,2023-04-26,41.18686
United States,2023-04-27,41.18686
United States,2023-04-28,41.18686
United States,2023-04-29,41.18686
United States,2023-04-30,36.1746
United States,2023-05-01,36.1746
United States,2023-05-02,36.1746
United States,2023-05-03,36.1746
United States,2023-05-04,36.1746
United States,2023-05-05,36.1746
United States,2023-05-06,36.1746
United States,2023-05-07,32.27664
United States,2023-05-08,32.27664
United States,2023-05-09,32.27664
United States,2023-05-10,32.27664
United States,2023-05-11,32.27664
United States,2023-05-12,32.27664
United States,2023-05-13,32.27664
United States,2023-05-14,39.00887
United States,2023-05-15,39.00887
United States,2023-05-16,39.00887
United States,2023-05-17,39.00887
United States,2023-05-18,39.00887
United States,2023-05-19,39.00887
United States,2023-05-20,39.00887
United States,2023-05-21,0